Region,Year,Jelenie (tys zł),Sarny (tys zł),Dziki (tys zł),Jelenie (tony),Sarny (tony),Dziki (tony),Jelenie (odstrzał sztuki),Sarny (odstrzał sztuki),Dziki (odstrzał sztuki),Jelenie (ogółem tys. sztuk),Sarny (ogółem tys. sztuk),Dziki (ogółem tys. sztuk),Powierzchnia pożarów lasów (ha),Forest Lands - Grunty zalesione (ha),Forest Lands - Grunty niezalesione (ha),Powierzchnia lasów ogółem (ha)
DOLNOŚLĄSKIE,2014,3564.1,3711.1,1439.4,473.0,266.0,354.0,7013.0,17973.0,30210.0,17.1,83.9,27.9,414.85,,,592815.56
DOLNOŚLĄSKIE,2015,3847.4,3625.1,2648.0,466.0,247.0,548.0,7607.0,18448.0,38044.0,15.1,82.5,23.1,238.62,,,593385.48
DOLNOŚLĄSKIE,2016,4915.7,4655.0,2974.6,535.0,285.0,541.0,7788.0,19808.0,32381.0,15.6,85.1,22.4,125.54,,,594968.12
DOLNOŚLĄSKIE,2017,4875.6,3759.7,2678.4,504.0,271.0,620.0,8969.0,20667.0,39766.0,32.7,80.7,29.9,40.86,580912.31,13897.32,594809.63
DOLNOŚLĄSKIE,2018,5493.7,3456.5,1289.2,575.0,269.0,443.0,9087.0,20239.0,33844.0,29.4,79.0,19.4,485.15,581220.72,13832.97,595053.69
DOLNOŚLĄSKIE,2019,5621.1,3789.4,2754.0,637.0,285.0,725.0,10510.0,17681.0,40735.0,27.8,75.6,11.1,117.45,580812.35,14218.29,595030.64
DOLNOŚLĄSKIE,2020,4095.3,2735.5,1638.5,711.0,302.0,583.0,10419.0,20263.0,28151.0,30.1,73.0,15.2,132.98,581456.97,14113.09,595570.06
DOLNOŚLĄSKIE,2021,5223.7,3929.4,1556.0,711.0,291.0,405.0,10696.0,19240.0,23072.0,25.4,74.9,10.6,35.26,583111.79,13707.43,596819.22
DOLNOŚLĄSKIE,2022,7691.7,5262.5,2314.0,791.0,285.0,379.0,10891.0,20051.0,17931.0,27.2,72.5,8.2,218.49,583390.77,13996.73,597387.5
DOLNOŚLĄSKIE,2023,7270.2,6243.2,3702.7,826.0,316.0,424.0,10719.0,19436.0,18042.0,24.8,69.8,6.4,58.65,583999.29,14036.02,598035.31
DOLNOŚLĄSKIE,2024,4847.4,3646.8,1766.4,606.0,253.0,302.0,10258.0,19174.0,17812.0,25.0,72.6,6.2,60.15,584563.87,13978.13,598542.0
KUJAWSKO-POMORSKIE,2014,1778.2,1774.1,466.5,256.0,132.0,119.0,4316.0,10780.0,15262.0,10.1,51.0,13.5,61.12,,,421205.95
KUJAWSKO-POMORSKIE,2015,2099.5,1899.4,978.2,279.0,136.0,226.0,4912.0,11301.0,18003.0,10.3,50.9,13.7,98.47,,,421349.19
KUJAWSKO-POMORSKIE,2016,2639.5,2292.7,1127.1,299.0,149.0,228.0,4872.0,12006.0,15426.0,10.2,51.9,13.3,38.59,,,421671.28
KUJAWSKO-POMORSKIE,2017,2552.7,1882.7,986.0,294.0,141.0,237.0,4106.0,11163.0,15831.0,9.3,51.6,8.4,10.93,411810.88,10081.85,421892.73
KUJAWSKO-POMORSKIE,2018,2456.3,1792.5,509.9,286.0,148.0,199.0,3962.0,10537.0,13564.0,9.4,50.2,2.6,78.07,408409.9,13532.3,421942.2
KUJAWSKO-POMORSKIE,2019,2338.3,1825.1,880.6,295.0,145.0,259.0,4150.0,9875.0,19685.0,9.5,49.6,2.8,142.77,408652.57,13453.18,422105.75
KUJAWSKO-POMORSKIE,2020,1576.0,1235.9,615.1,294.0,135.0,246.0,4658.0,10138.0,15414.0,10.7,50.2,3.1,50.34,409038.85,13201.76,422240.61
KUJAWSKO-POMORSKIE,2021,1394.2,1665.9,511.6,261.0,137.0,154.0,4801.0,10233.0,6825.0,11.8,53.2,3.0,20.3,409644.84,12214.04,421858.88
KUJAWSKO-POMORSKIE,2022,1657.3,1292.8,860.5,185.0,73.0,132.0,5263.0,10467.0,9494.0,18.1,55.7,2.6,51.63,410080.59,11645.98,421726.57
KUJAWSKO-POMORSKIE,2023,1247.2,1347.6,663.0,150.0,73.0,92.0,4919.0,9999.0,7949.0,13.6,51.8,2.6,40.48,410791.47,11053.65,421845.12
KUJAWSKO-POMORSKIE,2024,857.0,901.6,533.7,139.0,71.0,105.0,4520.0,9458.0,7028.0,14.4,53.2,2.8,54.04,410866.45,11173.43,422039.88
LUBELSKIE,2014,424.2,1237.2,296.5,58.0,89.0,76.0,2272.0,11623.0,17679.0,7.9,54.9,17.5,90.91,,,583040.07
LUBELSKIE,2015,543.1,1191.1,428.1,67.0,80.0,85.0,2728.0,12718.0,20670.0,8.2,54.6,16.8,315.44,,,584034.25
LUBELSKIE,2016,929.6,1545.7,448.8,107.0,95.0,84.0,3035.0,13539.0,19001.0,7.6,52.7,12.9,41.91,,,585746.25
LUBELSKIE,2017,1166.5,1290.4,475.0,120.0,90.0,101.0,3129.0,14985.0,16558.0,8.5,56.1,11.4,77.13,578615.09,7582.16,586197.25
LUBELSKIE,2018,2547.9,2364.3,390.9,262.0,179.0,132.0,3622.0,16133.0,7772.0,9.0,58.0,3.7,139.52,580171.6,7595.95,587767.55
LUBELSKIE,2019,1365.8,2419.3,266.0,177.0,182.0,72.0,3887.0,16718.0,8257.0,9.9,59.8,2.4,221.69,578149.26,7528.34,585677.6
LUBELSKIE,2020,586.4,800.3,44.8,102.0,78.0,21.0,4490.0,17613.0,3830.0,9.9,61.2,1.8,479.71,578451.13,8937.56,587388.69
LUBELSKIE,2021,377.1,995.5,39.4,68.0,76.0,12.0,2254.0,6137.0,1700.0,10.6,62.7,1.5,70.28,579312.37,8938.02,588250.39
LUBELSKIE,2022,1542.7,1808.6,123.0,173.0,97.0,20.0,5362.0,17647.0,4333.0,11.6,62.9,1.8,161.24,580444.08,8764.16,589208.24
LUBELSKIE,2023,1458.5,1817.0,149.5,174.0,96.0,21.0,6306.0,18511.0,3902.0,12.8,62.2,1.9,42.5,580363.86,8756.64,589120.5
LUBELSKIE,2024,934.2,1008.0,53.3,159.0,82.0,14.0,7300.0,17691.0,4776.0,13.6,62.7,2.3,84.96,579685.76,9766.3,589452.06
LUBUSKIE,2014,3240.6,2845.3,1458.1,451.0,204.0,369.0,5968.0,13657.0,21834.0,14.7,54.5,20.8,30.91,,,688140.44
LUBUSKIE,2015,3871.5,2817.7,2755.6,478.0,189.0,547.0,6323.0,13216.0,26988.0,14.4,52.8,19.1,95.98,,,688431.08
LUBUSKIE,2016,3449.6,2481.7,2816.8,378.0,150.0,489.0,5972.0,13010.0,24510.0,14.5,53.9,19.7,33.0,,,688958.93
LUBUSKIE,2017,4222.5,2599.0,2551.9,448.0,177.0,574.0,5422.0,11159.0,28792.0,15.5,52.9,13.9,12.68,673203.23,16163.93,689367.16
LUBUSKIE,2018,2768.9,1428.4,885.6,295.0,112.0,302.0,5210.0,10023.0,21686.0,15.2,49.8,5.1,118.5,673288.6,16229.79,689518.39
LUBUSKIE,2019,2842.9,1373.5,1560.7,323.0,102.0,393.0,5714.0,8671.0,28590.0,15.3,46.3,4.9,78.67,673773.11,16091.2,689864.31
LUBUSKIE,2020,2324.6,1106.3,731.7,381.0,130.0,222.0,5781.0,9202.0,18905.0,15.7,45.6,5.6,52.77,673429.65,16539.05,689968.7
LUBUSKIE,2021,2929.9,2069.2,159.3,367.0,137.0,51.0,6043.0,9762.0,4648.0,17.6,46.9,4.2,18.13,672768.53,17467.4,690235.93
LUBUSKIE,2022,2618.7,1546.8,520.9,274.0,88.0,80.0,5400.0,9032.0,5374.0,18.1,49.6,2.4,267.32,673241.01,17540.86,690781.87
LUBUSKIE,2023,3336.7,2503.1,751.0,336.0,128.0,81.0,5727.0,8194.0,6991.0,16.3,46.2,2.4,51.15,673700.75,17764.34,691465.09
LUBUSKIE,2024,2360.5,1262.5,438.9,284.0,94.0,55.0,4819.0,7020.0,8135.0,17.9,46.0,2.7,68.81,673613.14,18543.34,692156.48
MAZOWIECKIE,2014,483.8,802.2,309.7,68.0,59.0,87.0,2119.0,12283.0,17021.0,7.2,63.8,19.8,450.38,,,821882.1
MAZOWIECKIE,2015,558.7,851.1,161.1,74.0,61.0,38.0,2438.0,13700.0,21539.0,7.5,66.2,19.7,1531.48,,,827495.97
MAZOWIECKIE,2016,731.4,1034.2,211.8,86.0,66.0,44.0,2729.0,15080.0,20534.0,8.2,69.9,18.3,305.5,,,828383.94
MAZOWIECKIE,2017,530.2,608.1,112.0,61.0,46.0,26.0,2859.0,15278.0,20530.0,9.1,72.8,15.9,277.08,814467.34,15202.84,829670.18
MAZOWIECKIE,2018,647.1,892.7,140.1,76.0,71.0,42.0,3102.0,15736.0,11035.0,9.2,73.7,5.3,502.47,814798.72,16137.81,830936.53
MAZOWIECKIE,2019,820.3,1068.7,142.9,100.0,86.0,34.0,3194.0,15452.0,15255.0,9.7,75.5,4.3,1143.65,818506.8,15902.22,834409.02
MAZOWIECKIE,2020,535.1,589.5,157.9,89.0,63.0,33.0,3761.0,16254.0,12892.0,9.9,75.4,3.9,690.43,817030.51,16263.17,833293.68
MAZOWIECKIE,2021,417.2,730.1,22.0,79.0,61.0,7.0,3396.0,15010.0,7418.0,10.3,77.7,3.7,175.32,815585.31,16637.71,832223.02
MAZOWIECKIE,2022,1214.1,1495.1,140.3,143.0,84.0,23.0,3781.0,16796.0,11523.0,10.5,76.9,3.4,600.82,814562.82,16948.43,831511.25
MAZOWIECKIE,2023,1045.0,1613.7,176.5,131.0,88.0,25.0,4255.0,17011.0,10758.0,10.4,76.7,3.8,269.96,813898.28,17466.65,831364.93
MAZOWIECKIE,2024,673.7,914.6,105.4,115.0,74.0,25.0,4628.0,17304.0,12303.0,12.3,79.7,4.3,324.33,813403.85,18484.56,831888.41
MAŁOPOLSKIE,2014,1031.5,835.9,114.1,140.0,59.0,29.0,2098.0,7651.0,7104.0,6.5,33.6,6.0,71.46,,,435291.75
MAŁOPOLSKIE,2015,1116.3,732.3,155.5,140.0,48.0,30.0,2204.0,8151.0,8088.0,6.2,33.0,5.7,102.26,,,435417.36
MAŁOPOLSKIE,2016,1158.1,935.8,222.4,138.0,58.0,44.0,2245.0,8614.0,8841.0,6.2,33.6,5.7,26.96,,,435489.01
MAŁOPOLSKIE,2017,1358.2,1008.3,339.4,146.0,68.0,70.0,2377.0,9268.0,12061.0,8.9,45.4,6.5,26.81,432067.62,3288.74,435356.36
MAŁOPOLSKIE,2018,2061.6,1002.9,181.0,209.0,74.0,50.0,2510.0,9246.0,7802.0,8.7,42.9,2.1,82.5,431807.3,3436.35,435243.65
MAŁOPOLSKIE,2019,1520.4,900.4,387.0,177.0,66.0,94.0,3177.0,9420.0,12878.0,9.0,41.5,1.9,52.65,431634.69,3764.44,435399.13
MAŁOPOLSKIE,2020,1082.7,674.8,88.5,195.0,70.0,30.0,3262.0,9484.0,8370.0,10.2,42.9,2.4,37.29,429372.51,5109.63,434482.14
MAŁOPOLSKIE,2021,701.5,515.7,40.3,128.0,40.0,11.0,2523.0,8597.0,7484.0,10.4,43.0,2.2,15.79,429065.04,5122.45,434187.49
MAŁOPOLSKIE,2022,1574.2,1540.5,263.9,179.0,85.0,46.0,3200.0,9650.0,11347.0,9.3,41.7,2.2,112.32,428844.9,4678.1,433523.0
MAŁOPOLSKIE,2023,1826.6,1927.2,637.6,214.0,93.0,85.0,3341.0,9116.0,14385.0,9.6,40.4,2.6,6.21,429405.41,4786.46,434191.87
MAŁOPOLSKIE,2024,1315.3,1124.7,361.0,199.0,76.0,72.0,3663.0,8659.0,12410.0,9.8,40.7,3.0,18.37,429313.45,5054.31,434367.76
OPOLSKIE,2014,2020.6,2324.3,747.1,270.0,165.0,192.0,5295.0,11363.0,13345.0,10.3,38.2,11.5,55.05,,,250375.09
OPOLSKIE,2015,1995.5,2173.7,1117.9,265.0,150.0,251.0,5105.0,11706.0,15064.0,9.6,37.3,10.4,116.03,,,250436.13
OPOLSKIE,2016,2593.2,2793.7,1216.1,310.0,179.0,255.0,5127.0,12517.0,13188.0,9.3,38.2,10.1,13.14,,,250541.67
OPOLSKIE,2017,2740.3,2343.9,1073.7,311.0,171.0,263.0,5403.0,12595.0,14384.0,12.3,43.8,8.2,16.26,247427.13,3420.06,250847.19
OPOLSKIE,2018,2351.7,2252.9,622.6,272.0,169.0,179.0,5229.0,12526.0,10837.0,11.4,44.5,2.4,41.02,247299.87,3627.89,250927.76
OPOLSKIE,2019,2377.2,2013.2,941.3,282.0,151.0,237.0,5171.0,5702.0,7759.0,10.5,43.9,2.0,69.05,246975.96,3992.03,250967.99
OPOLSKIE,2020,913.5,993.0,296.8,177.0,103.0,121.0,5530.0,11977.0,8817.0,5.9,21.0,1.1,12.68,246819.19,4181.84,251001.03
OPOLSKIE,2021,1018.6,1331.4,362.5,181.0,107.0,103.0,5745.0,12019.0,11842.0,11.6,45.8,2.2,7.39,246047.71,4844.66,250892.37
OPOLSKIE,2022,2644.1,2655.9,1006.4,302.0,147.0,176.0,5609.0,12598.0,9606.0,12.4,48.3,2.2,26.36,245859.35,5281.09,251140.44
OPOLSKIE,2023,2566.4,2602.3,1603.6,297.0,138.0,194.0,5824.0,11959.0,9301.0,12.2,47.7,1.9,32.41,245967.74,5253.99,251221.73
OPOLSKIE,2024,1963.7,1882.6,833.1,316.0,147.0,169.0,5959.0,11775.0,9645.0,12.5,46.3,2.1,13.8,246825.25,4763.08,251588.33
PODKARPACKIE,2014,2516.5,2228.2,222.4,342.0,156.0,57.0,4720.0,10157.0,12919.0,12.5,42.9,11.2,191.49,,,677965.91
PODKARPACKIE,2015,2703.9,1933.0,299.5,332.0,125.0,63.0,4875.0,10471.0,12774.0,12.7,42.6,11.8,698.38,,,679568.47
PODKARPACKIE,2016,2351.1,1848.1,502.6,266.0,112.0,93.0,4984.0,10633.0,12850.0,12.5,42.8,9.6,125.36,,,681163.86
PODKARPACKIE,2017,3527.3,2167.2,446.5,384.0,154.0,107.0,5501.0,11991.0,14771.0,18.2,51.2,8.3,122.21,673583.23,9030.21,682613.44
PODKARPACKIE,2018,3774.5,1807.4,111.7,393.0,141.0,39.0,5467.0,11416.0,7950.0,17.4,50.9,2.9,122.21,674529.8,9016.14,683545.94
PODKARPACKIE,2019,3283.2,1425.8,318.2,411.0,109.0,89.0,5218.0,10633.0,13778.0,16.6,47.9,2.2,152.22,673431.74,9121.21,682552.95
PODKARPACKIE,2020,1233.7,801.0,46.0,228.0,80.0,20.0,5259.0,10260.0,7433.0,15.7,46.6,2.4,267.54,673007.38,9087.19,682094.57
PODKARPACKIE,2021,1905.1,1431.2,88.4,327.0,105.0,23.0,5530.0,9957.0,4450.0,15.2,45.8,1.9,50.58,673260.64,9491.87,682752.51
PODKARPACKIE,2022,3912.2,3018.1,201.7,406.0,155.0,34.0,5928.0,9838.0,4688.0,15.6,45.1,1.9,333.2,674097.06,9761.52,683858.58
PODKARPACKIE,2023,4103.8,3040.1,405.5,453.0,145.0,53.0,6261.0,9186.0,4906.0,15.2,44.5,1.9,33.21,673742.58,10149.2,683891.78
PODKARPACKIE,2024,2647.7,1842.1,192.8,376.0,129.0,32.0,6319.0,8639.0,3489.0,16.4,43.7,1.7,111.69,675158.48,10436.49,685594.97
PODLASKIE,2014,797.2,519.7,175.8,115.0,38.0,47.0,2657.0,4861.0,11156.0,13.8,28.0,14.9,229.13,,,620079.68
PODLASKIE,2015,971.1,673.6,279.3,124.0,47.0,68.0,2796.0,5004.0,10600.0,13.1,27.2,10.4,552.37,,,620904.15
PODLASKIE,2016,1228.3,847.1,210.2,141.0,55.0,50.0,2889.0,5237.0,7177.0,12.7,27.4,7.9,230.43,,,621503.82
PODLASKIE,2017,823.7,469.4,106.1,93.0,35.0,24.0,2686.0,5218.0,6292.0,12.3,27.1,5.0,3.61,609796.23,12372.5,622168.73
PODLASKIE,2018,1237.1,702.5,131.2,144.0,58.0,48.0,2878.0,5457.0,6194.0,12.4,27.8,1.9,81.55,611888.2,13141.77,625029.97
PODLASKIE,2019,2509.0,1423.1,92.9,268.0,101.0,28.0,3186.0,5774.0,6621.0,12.7,28.4,1.6,311.8,610437.0,13439.68,623876.68
PODLASKIE,2020,1271.0,598.0,86.9,193.0,56.0,31.0,3386.0,5779.0,4705.0,16.5,30.9,1.6,6008.86,611288.88,13561.41,624850.29
PODLASKIE,2021,1842.5,911.7,46.6,218.0,77.0,14.0,2839.0,5454.0,2437.0,15.8,29.6,1.7,9.73,612277.67,13407.85,625685.52
PODLASKIE,2022,3140.5,1781.5,125.8,315.0,97.0,21.0,3050.0,5621.0,4155.0,12.8,28.1,1.6,58.68,614545.89,16241.83,630787.72
PODLASKIE,2023,1903.9,2269.6,149.5,209.0,108.0,21.0,3027.0,5486.0,4039.0,12.7,27.8,1.6,58.12,614889.35,16656.4,631545.75
PODLASKIE,2024,1566.1,1028.1,53.3,173.0,86.0,14.0,2903.0,5194.0,4179.0,12.5,28.8,1.6,84.01,615414.21,16232.92,631647.13
POMORSKIE,2014,3374.5,2171.6,578.9,484.0,161.0,154.0,9336.0,13215.0,19494.0,20.3,59.9,20.4,65.97,,,665475.91
POMORSKIE,2015,3819.8,2242.5,1182.8,500.0,159.0,273.0,9705.0,13369.0,22232.0,20.1,59.4,19.1,67.26,,,665810.17
POMORSKIE,2016,4304.0,2461.8,1193.0,517.0,158.0,244.0,10196.0,13796.0,20527.0,20.4,59.4,19.0,31.62,,,666650.29
POMORSKIE,2017,5293.4,2160.7,1032.6,579.0,162.0,244.0,9708.0,13529.0,22720.0,31.6,75.5,18.7,8.16,650901.36,16154.51,667055.87
POMORSKIE,2018,4237.1,1734.7,481.8,489.0,144.0,196.0,8788.0,12186.0,20730.0,29.0,64.9,8.4,58.18,644754.04,22349.19,667103.23
POMORSKIE,2019,4681.8,1945.5,1075.2,602.0,155.0,322.0,7804.0,10602.0,20508.0,25.4,60.9,7.2,95.28,641287.49,25777.38,667064.87
POMORSKIE,2020,2454.8,1127.4,591.2,483.0,122.0,267.0,8287.0,10543.0,22169.0,24.4,57.9,6.8,19.4,646426.7,20738.49,667165.19
POMORSKIE,2021,2456.3,1538.6,574.9,465.0,128.0,176.0,8304.0,9848.0,11590.0,24.0,56.6,6.5,190.23,652148.75,16228.12,668376.87
POMORSKIE,2022,2306.2,1405.2,670.3,269.0,80.0,117.0,7974.0,9236.0,8931.0,23.6,54.2,5.3,45.94,655418.87,13749.08,669167.95
POMORSKIE,2023,3215.5,2371.5,1588.3,355.0,112.0,187.0,7383.0,8298.0,12864.0,23.5,51.7,4.5,32.76,656578.05,12803.08,669381.13
POMORSKIE,2024,2119.9,1420.1,1018.5,274.0,85.0,168.0,7195.0,7953.0,12616.0,22.3,48.5,4.6,17.86,656155.27,12918.87,669074.14
WARMIŃSKO-MAZURSKIE,2014,3172.9,2762.4,1391.0,452.0,203.0,386.0,7658.0,15177.0,32009.0,27.0,67.9,29.3,320.14,,,750493.64
WARMIŃSKO-MAZURSKIE,2015,3794.5,3016.7,2549.7,495.0,211.0,583.0,8325.0,16098.0,34305.0,27.2,68.8,27.1,410.77,,,753301.4
WARMIŃSKO-MAZURSKIE,2016,4598.5,3812.7,3255.0,533.0,243.0,659.0,8683.0,16767.0,33586.0,25.9,69.2,24.1,38.84,,,756920.29
WARMIŃSKO-MAZURSKIE,2017,2956.8,2189.8,1688.7,336.0,166.0,410.0,8591.0,17006.0,30615.0,25.9,71.5,18.5,96.42,737695.98,22062.02,759758.0
WARMIŃSKO-MAZURSKIE,2018,9132.0,6646.9,1834.1,1006.0,517.0,693.0,9172.0,17355.0,27459.0,25.6,71.1,5.1,191.15,738192.97,24543.3,762736.27
WARMIŃSKO-MAZURSKIE,2019,5444.0,3445.9,1027.7,679.0,268.0,327.0,9476.0,17251.0,21208.0,26.2,72.0,5.3,181.31,739064.26,26506.52,765570.78
WARMIŃSKO-MAZURSKIE,2020,3299.4,2074.7,407.4,542.0,213.0,194.0,9509.0,16283.0,14051.0,27.7,73.3,4.0,35.84,738245.12,28621.03,766866.15
WARMIŃSKO-MAZURSKIE,2021,3577.9,2805.8,316.8,556.0,231.0,99.0,9859.0,15437.0,4994.0,26.4,67.5,3.2,98.1,738439.01,28607.28,767046.29
WARMIŃSKO-MAZURSKIE,2022,4684.4,2918.3,122.6,503.0,162.0,20.0,10047.0,14124.0,7867.0,26.9,65.8,2.5,141.81,740129.16,27684.44,767813.6
WARMIŃSKO-MAZURSKIE,2023,5249.1,2772.3,150.0,535.0,149.0,21.0,10000.0,12219.0,8087.0,27.1,64.7,2.9,206.06,740905.53,29155.88,770061.41
WARMIŃSKO-MAZURSKIE,2024,3535.2,1575.7,56.1,468.0,123.0,14.0,9583.0,11159.0,9362.0,27.7,63.2,3.3,110.53,741349.94,29844.42,771194.36
WIELKOPOLSKIE,2014,3817.4,4095.1,1740.7,551.0,326.0,481.0,8682.0,22513.0,30360.0,21.3,97.5,30.1,118.41,,,767530.76
WIELKOPOLSKIE,2015,4627.4,4841.0,3706.7,593.0,333.0,795.0,9795.0,23581.0,37515.0,21.7,96.3,28.1,141.41,,,767845.94
WIELKOPOLSKIE,2016,3277.3,5909.3,3800.0,351.0,373.0,753.0,10492.0,25344.0,31683.0,25.3,102.3,28.2,50.41,,,767937.31
WIELKOPOLSKIE,2017,5947.4,4457.1,3016.9,667.0,334.0,768.0,9922.0,23788.0,32428.0,31.8,102.1,23.2,38.74,755727.78,13083.39,768811.17
WIELKOPOLSKIE,2018,5991.0,3865.8,1461.3,672.0,311.0,548.0,10367.0,22049.0,28659.0,29.7,95.8,9.8,114.1,754284.82,15066.39,769351.21
WIELKOPOLSKIE,2019,7774.1,4710.3,3822.5,906.0,355.0,1012.0,10560.0,19601.0,43004.0,30.4,95.3,7.9,164.86,753885.94,15613.26,769499.2
WIELKOPOLSKIE,2020,4547.6,2918.8,1854.2,804.0,311.0,682.0,11361.0,20157.0,31270.0,30.7,98.0,8.8,52.3,754295.22,14725.57,769020.79
WIELKOPOLSKIE,2021,5050.0,4115.0,1471.2,727.0,309.0,403.0,12185.0,20626.0,14952.0,33.1,105.2,8.1,84.38,754119.5,14286.36,768405.86
WIELKOPOLSKIE,2022,4093.3,3732.9,1605.5,450.0,204.0,247.0,12862.0,21323.0,20086.0,35.3,108.1,6.1,99.79,754857.06,14533.68,769390.74
WIELKOPOLSKIE,2023,5213.2,5189.0,1757.1,552.0,220.0,210.0,12582.0,20857.0,19299.0,34.2,107.5,6.1,59.91,755641.58,14461.11,770102.69
WIELKOPOLSKIE,2024,3868.8,3296.6,1088.1,491.0,189.0,178.0,11288.0,20136.0,20306.0,32.9,104.9,6.3,71.87,755266.7,15252.84,770519.54
ZACHODNIOPOMORSKIE,2014,7421.2,4096.2,3513.4,1066.0,301.0,932.0,15218.0,21737.0,41752.0,32.4,95.4,38.5,43.34,,,811876.28
ZACHODNIOPOMORSKIE,2015,8785.0,4321.4,6678.3,1141.0,304.0,1471.0,16428.0,21573.0,48733.0,31.5,94.6,36.3,47.67,,,813848.22
ZACHODNIOPOMORSKIE,2016,10592.2,4829.1,6347.5,1227.0,307.0,1317.0,17883.0,21583.0,45193.0,34.2,97.1,36.1,50.91,,,815048.22
ZACHODNIOPOMORSKIE,2017,11929.6,3852.3,2314.5,1303.0,287.0,602.0,18494.0,20750.0,51819.0,48.8,96.4,26.5,8.68,804031.36,11791.08,815822.44
ZACHODNIOPOMORSKIE,2018,10881.2,3372.9,2930.3,1262.0,281.0,1216.0,18502.0,20153.0,44012.0,48.2,92.1,10.9,226.36,804755.2,12330.09,817085.29
ZACHODNIOPOMORSKIE,2019,10840.5,3709.6,5537.6,1384.0,293.0,1655.0,19498.0,19765.0,59290.0,46.6,89.3,11.5,202.9,804816.3,12755.07,817571.37
ZACHODNIOPOMORSKIE,2020,7712.8,2613.7,4861.5,1466.0,283.0,2041.0,18987.0,18650.0,49668.0,47.4,90.8,11.5,58.34,806115.97,12963.03,819079.0
ZACHODNIOPOMORSKIE,2021,9236.8,3613.5,4461.6,1511.0,301.0,1274.0,20447.0,18913.0,27017.0,47.6,87.9,12.8,21.66,805819.75,13361.53,819181.28
ZACHODNIOPOMORSKIE,2022,9712.1,4049.0,3952.7,1116.0,224.0,679.0,19212.0,18172.0,21361.0,47.8,87.4,8.9,93.81,805529.89,14181.08,819710.97
ZACHODNIOPOMORSKIE,2023,10024.2,4759.0,9693.0,1101.0,244.0,1146.0,17337.0,16168.0,24805.0,46.0,84.1,7.9,86.09,806090.89,16221.69,822312.58
ZACHODNIOPOMORSKIE,2024,6107.6,2880.9,3891.7,862.0,199.0,713.0,14186.0,13452.0,24157.0,45.9,83.0,8.0,49.21,805974.08,17201.23,823175.31
ŁÓDZKIE,2014,616.2,2043.3,126.2,86.0,148.0,32.0,1624.0,10705.0,8728.0,5.2,50.1,8.8,105.73,,,387787.71
ŁÓDZKIE,2015,625.5,1772.0,203.9,79.0,122.0,44.0,1745.0,11715.0,11526.0,5.2,49.9,8.3,347.21,,,388155.63
ŁÓDZKIE,2016,921.4,2210.8,235.6,105.0,143.0,48.0,1842.0,12242.0,10667.0,5.2,51.1,8.7,82.25,,,389369.7
ŁÓDZKIE,2017,868.3,2159.9,275.9,96.0,148.0,64.0,1942.0,12729.0,12607.0,6.3,53.9,7.9,48.96,385532.06,5678.31,391210.37
ŁÓDZKIE,2018,571.8,1012.7,56.5,65.0,80.0,23.0,2125.0,12372.0,8342.0,6.3,54.1,2.9,110.17,385710.68,5907.45,391618.13
ŁÓDZKIE,2019,639.9,1081.6,111.5,80.0,82.0,37.0,2461.0,11774.0,11345.0,6.5,52.9,2.3,215.48,385603.51,6214.3,391817.81
ŁÓDZKIE,2020,503.2,1128.4,50.6,101.0,116.0,26.0,2930.0,12312.0,8968.0,7.4,54.0,2.5,130.81,384208.68,5977.88,390186.56
ŁÓDZKIE,2021,526.4,1491.0,79.1,99.0,111.0,25.0,1175.0,5992.0,2850.0,7.9,55.3,2.4,23.41,384102.72,5946.03,390048.75
ŁÓDZKIE,2022,1630.7,2570.4,258.9,191.0,145.0,48.0,3374.0,12963.0,6938.0,8.1,54.3,2.2,179.32,384116.54,6097.85,390214.39
ŁÓDZKIE,2023,1638.7,2759.2,478.0,183.0,146.0,62.0,3198.0,12237.0,7215.0,8.4,52.6,2.3,100.22,384345.01,6324.52,390669.53
ŁÓDZKIE,2024,1056.6,1701.3,366.8,160.0,124.0,77.0,3728.0,12304.0,8722.0,8.1,50.8,2.3,102.39,383955.27,6736.56,390691.83
ŚLĄSKIE,2014,1402.0,1047.6,175.7,201.0,77.0,45.0,3819.0,8087.0,9419.0,9.4,34.8,9.8,205.22,,,393849.16
ŚLĄSKIE,2015,1175.6,755.1,283.9,163.0,52.0,59.0,3570.0,8163.0,11185.0,8.4,33.4,9.5,355.25,,,393858.49
ŚLĄSKIE,2016,1675.5,1336.8,551.7,189.0,81.0,104.0,3870.0,8564.0,10708.0,7.9,33.1,9.1,138.48,,,394032.89
ŚLĄSKIE,2017,1541.1,859.1,364.5,158.0,58.0,81.0,4264.0,9206.0,15672.0,11.2,37.8,7.9,74.0,386036.92,8765.09,394802.01
ŚLĄSKIE,2018,1713.0,792.5,204.8,177.0,59.0,59.0,4272.0,9184.0,11162.0,10.5,38.2,3.1,197.3,385564.91,9208.18,394773.09
ŚLĄSKIE,2019,2265.0,920.6,643.8,263.0,68.0,157.0,3730.0,8172.0,15561.0,10.0,37.0,2.6,147.77,386281.03,9455.33,395736.36
ŚLĄSKIE,2020,872.0,494.9,154.9,166.0,55.0,57.0,3962.0,8228.0,10191.0,9.5,35.0,2.5,120.94,385986.27,9790.23,395776.5
ŚLĄSKIE,2021,1536.7,1376.7,759.2,273.0,109.0,200.0,4276.0,8179.0,11057.0,9.7,34.9,2.2,26.3,386351.89,10416.63,396768.52
ŚLĄSKIE,2022,2356.4,2265.4,874.7,261.0,125.0,150.0,4349.0,8733.0,12017.0,10.6,38.0,2.4,220.98,385911.81,10721.51,396633.32
ŚLĄSKIE,2023,2846.3,2605.8,1630.7,318.0,127.0,190.0,4516.0,8384.0,15308.0,10.3,36.8,2.5,16.9,386599.65,10267.44,396867.09
ŚLĄSKIE,2024,1912.2,1635.3,1170.9,278.0,113.0,225.0,5066.0,7772.0,15410.0,10.8,36.4,2.7,76.35,386272.86,9667.92,395940.78
ŚWIĘTOKRZYSKIE,2014,72.1,117.2,7.1,11.0,9.0,2.0,741.0,3995.0,4074.0,3.1,20.7,5.5,236.34,,,330069.0
ŚWIĘTOKRZYSKIE,2015,210.1,498.1,76.4,27.0,32.0,15.0,777.0,4141.0,4827.0,3.2,21.0,5.5,391.3,,,331043.79
ŚWIĘTOKRZYSKIE,2016,131.2,159.5,22.1,16.0,10.0,5.0,890.0,4778.0,5380.0,3.6,23.0,5.5,118.11,,,331645.37
ŚWIĘTOKRZYSKIE,2017,520.8,937.6,169.5,54.0,62.0,35.0,986.0,5437.0,6565.0,4.5,31.0,5.5,160.0,326472.1,5584.55,332056.65
ŚWIĘTOKRZYSKIE,2018,237.9,501.8,32.8,25.0,37.0,10.0,1072.0,5521.0,4999.0,4.3,29.6,2.2,147.88,326795.92,5516.6,332312.52
ŚWIĘTOKRZYSKIE,2019,467.0,634.2,142.1,54.0,46.0,38.0,1141.0,5759.0,7412.0,4.5,30.3,1.9,274.92,325918.42,5780.13,331698.55
ŚWIĘTOKRZYSKIE,2020,215.1,482.4,25.4,39.0,45.0,8.0,1194.0,5595.0,4283.0,4.5,29.6,2.0,266.41,325284.75,5997.91,331282.66
ŚWIĘTOKRZYSKIE,2021,217.2,560.8,57.1,35.0,38.0,10.0,388.0,1944.0,1432.0,4.6,29.9,1.8,46.88,326182.68,5750.37,331933.05
ŚWIĘTOKRZYSKIE,2022,1218.2,1540.2,313.3,134.0,78.0,43.0,1426.0,5756.0,4894.0,4.9,30.1,1.8,241.03,326408.39,5547.87,331956.26
ŚWIĘTOKRZYSKIE,2023,1015.7,1746.4,456.8,109.0,84.0,52.0,1667.0,6090.0,5810.0,5.0,28.7,1.8,34.12,326080.15,5618.02,331698.17
ŚWIĘTOKRZYSKIE,2024,750.2,1190.7,202.7,110.0,81.0,32.0,1945.0,6185.0,4001.0,5.9,29.8,2.0,109.43,325518.43,5650.25,331168.68
